[
    [
        null,
        null
    ],
    [
        {
            "left": {
                "left": {
                    "left": {
                        "left": "t",
                        "right": {
                            "left": "d",
                            "right": {
                                "left": {
                                    "left": "M",
                                    "right": {
                                        "left": "5",
                                        "right": {
                                            "left": "X",
                                            "right": {
                                                "left": "k",
                                                "right": "j"
                                            }
                                        }
                                    }
                                },
                                "right": {
                                    "left": {
                                        "left": "D",
                                        "right": "C"
                                    },
                                    "right": {
                                        "left": "F",
                                        "right": {
                                            "left": "K",
                                            "right": "0"
                                        }
                                    }
                                }
                            }
                        }
                    },
                    "right": {
                        "left": "n",
                        "right": {
                            "left": "\n",
                            "right": {
                                "left": "v",
                                "right": "b"
                            }
                        }
                    }
                },
                "right": {
                    "left": {
                        "left": "l",
                        "right": "s"
                    },
                    "right": {
                        "left": {
                            "left": "m",
                            "right": {
                                "left": {
                                    "left": {
                                        "left": "L",
                                        "right": "E"
                                    },
                                    "right": "h"
                                },
                                "right": {
                                    "left": {
                                        "left": {
                                            "left": {
                                                "left": "Q",
                                                "right": {
                                                    "left": {
                                                        "left": {
                                                            "left": "[",
                                                            "right": "]"
                                                        },
                                                        "right": ";"
                                                    },
                                                    "right": "B"
                                                }
                                            },
                                            "right": "O"
                                        },
                                        "right": "{"
                                    },
                                    "right": "q"
                                }
                            }
                        },
                        "right": {
                            "left": ",",
                            "right": {
                                "left": {
                                    "left": {
                                        "left": {
                                            "left": "G",
                                            "right": "3"
                                        },
                                        "right": "6"
                                    },
                                    "right": {
                                        "left": "1",
                                        "right": "}"
                                    }
                                },
                                "right": {
                                    "left": {
                                        "left": {
                                            "left": "8",
                                            "right": "I"
                                        },
                                        "right": "V"
                                    },
                                    "right": {
                                        "left": "N",
                                        "right": "U"
                                    }
                                }
                            }
                        }
                    }
                }
            },
            "right": {
                "left": " ",
                "right": {
                    "left": {
                        "left": {
                            "left": "a",
                            "right": "u"
                        },
                        "right": {
                            "left": "\"",
                            "right": {
                                "left": "c",
                                "right": {
                                    "left": {
                                        "left": {
                                            "left": {
                                                "left": {
                                                    "left": "Y",
                                                    "right": "H"
                                                },
                                                "right": {
                                                    "left": "W",
                                                    "right": {
                                                        "left": {
                                                            "left": "á",
                                                            "right": "í"
                                                        },
                                                        "right": {
                                                            "left": "w",
                                                            "right": "z"
                                                        }
                                                    }
                                                }
                                            },
                                            "right": "S"
                                        },
                                        "right": "f"
                                    },
                                    "right": "."
                                }
                            }
                        }
                    },
                    "right": {
                        "left": {
                            "left": {
                                "left": {
                                    "left": "g",
                                    "right": ":"
                                },
                                "right": {
                                    "left": {
                                        "left": {
                                            "left": {
                                                "left": "R",
                                                "right": "7"
                                            },
                                            "right": {
                                                "left": "4",
                                                "right": "T"
                                            }
                                        },
                                        "right": "p"
                                    },
                                    "right": {
                                        "left": {
                                            "left": "A",
                                            "right": {
                                                "left": "P",
                                                "right": "J"
                                            }
                                        },
                                        "right": {
                                            "left": {
                                                "left": {
                                                    "left": "Z",
                                                    "right": "y"
                                                },
                                                "right": "9"
                                            },
                                            "right": {
                                                "left": "x",
                                                "right": "2"
                                            }
                                        }
                                    }
                                }
                            },
                            "right": {
                                "left": "o",
                                "right": "r"
                            }
                        },
                        "right": {
                            "left": "i",
                            "right": "e"
                        }
                    }
                }
            }
        },
        3496187
    ]
]