[
    [
        null,
        null
    ],
    [
        {
            "left": {
                "left": {
                    "left": {
                        "left": "<",
                        "right": "b"
                    },
                    "right": " "
                },
                "right": {
                    "left": {
                        "left": {
                            "left": {
                                "left": {
                                    "left": "-",
                                    "right": "2"
                                },
                                "right": "r"
                            },
                            "right": {
                                "left": "i",
                                "right": "o"
                            }
                        },
                        "right": "T"
                    },
                    "right": {
                        "left": "E",
                        "right": {
                            "left": {
                                "left": {
                                    "left": "4",
                                    "right": "5"
                                },
                                "right": "n"
                            },
                            "right": "P"
                        }
                    }
                }
            },
            "right": {
                "left": {
                    "left": {
                        "left": "I",
                        "right": {
                            "left": {
                                "left": {
                                    "left": {
                                        "left": "p",
                                        "right": "c"
                                    },
                                    "right": "d"
                                },
                                "right": "M"
                            },
                            "right": "R"
                        }
                    },
                    "right": {
                        "left": {
                            "left": {
                                "left": "B",
                                "right": {
                                    "left": "m",
                                    "right": {
                                        "left": {
                                            "left": "=",
                                            "right": "7"
                                        },
                                        "right": "K"
                                    }
                                }
                            },
                            "right": "N"
                        },
                        "right": {
                            "left": {
                                "left": "0",
                                "right": {
                                    "left": "u",
                                    "right": {
                                        "left": "g",
                                        "right": "U"
                                    }
                                }
                            },
                            "right": "L"
                        }
                    }
                },
                "right": {
                    "left": {
                        "left": {
                            "left": "O",
                            "right": "A"
                        },
                        "right": {
                            "left": {
                                "left": {
                                    "left": {
                                        "left": "1",
                                        "right": "y"
                                    },
                                    "right": "D"
                                },
                                "right": {
                                    "left": {
                                        "left": "l",
                                        "right": {
                                            "left": "3",
                                            "right": "9"
                                        }
                                    },
                                    "right": "s"
                                }
                            },
                            "right": "\n"
                        }
                    },
                    "right": {
                        "left": {
                            "left": {
                                "left": "C",
                                "right": "\t"
                            },
                            "right": {
                                "left": {
                                    "left": "a",
                                    "right": {
                                        "left": "t",
                                        "right": "e"
                                    }
                                },
                                "right": "/"
                            }
                        },
                        "right": {
                            "left": ">",
                            "right": {
                                "left": {
                                    "left": {
                                        "left": "H",
                                        "right": "G"
                                    },
                                    "right": {
                                        "left": "S",
                                        "right": "h"
                                    }
                                },
                                "right": {
                                    "left": {
                                        "left": {
                                            "left": "V",
                                            "right": {
                                                "left": "?",
                                                "right": "."
                                            }
                                        },
                                        "right": {
                                            "left": {
                                                "left": "\"",
                                                "right": "f"
                                            },
                                            "right": "Y"
                                        }
                                    },
                                    "right": {
                                        "left": {
                                            "left": "Z",
                                            "right": "F"
                                        },
                                        "right": {
                                            "left": {
                                                "left": "x",
                                                "right": "6"
                                            },
                                            "right": {
                                                "left": {
                                                    "left": "'",
                                                    "right": {
                                                        "left": "w",
                                                        "right": "k"
                                                    }
                                                },
                                                "right": {
                                                    "left": {
                                                        "left": "j",
                                                        "right": "v"
                                                    },
                                                    "right": "8"
                                                }
                                            }
                                        }
                                    }
                                }
                            }
                        }
                    }
                }
            }
        },
        96263
    ]
]